uri,reg:hasSubproperty,reg:lexicalAlias,reg:name@en,reg:status,rdf:type[0],rdfs:isDefinedBy,rdfs:label@en[0],rdfs:subPropertyOf,owl:inverseOf,skos:definition@en[0],skos:scopeNote@en[0]
isbd:unc/elements/P1001,,isbd:unc/elements/hasContentForm.en,hasContentForm,RegStatus:1001,rdf:Property,isbd:unc/elements/,has content form,,,Relates a resource to a category that reflects the fundamental form or forms in which the content is expressed.,
isbd:unc/elements/P1002,,isbd:unc/elements/hasContentQualification.en,hasContentQualification,RegStatus:1001,rdf:Property,isbd:unc/elements/,has content qualification,,,Relates a resource to a sub-category that expands a category that reflects the fundamental form or forms in which the content is expressed.,"Content qualifications specify the type, presence or absence of motion, dimensionality and sensory nature for the resource being described."
isbd:unc/elements/P1003,,isbd:unc/elements/hasMediaType.en,hasMediaType,RegStatus:1001,rdf:Property,isbd:unc/elements/,has media type,,,Relates a resource to a category that records the type or types of carrier used to convey the content.,"Categories generally reflect the format of the storage medium and housing of a carrier in combination with the type of intermediation device required to render, view, run, etc., the content of a resource."
isbd:unc/elements/P1004,,isbd:unc/elements/hasTitleProper.en,hasTitleProper,RegStatus:1001,rdf:Property,isbd:unc/elements/,has title proper,isbd:unc/elements/P1012,,"Relates a resource to the title proper (the chief name of a resource, i.e. the title of a resource in the form in which it appears on the preferred source of information for the resource).","The title proper includes any alternative title, but excludes parallel titles and other title information. In the case of a section or some supplements and some titles of subseries or parts, the title proper can consist of two or more components: the common title (or the title of the main series or of the multipart monographic resource), the dependent title and the dependent title designation. For resources containing several individual works the title proper is the collective title. Resources containing several individual works and lacking a collective title are considered not to have a title proper. A series or subseries also has its own title proper."
isbd:unc/elements/P1012,isbd:unc/elements/P1004,isbd:unc/elements/hasTitle.en,hasTitle,RegStatus:1001,rdf:Property,isbd:unc/elements/,has title,,,"Relates a resource to a word or phrase, or a group of characters, usually appearing on the resource, that is the name of the resource or the work (or any one of a group of individual works) contained in it.",A title proper; a title of individual work by the same author in a resource lacking a collective title; a title of an individual work by a different author in a resource lacking a collective title; a parallel title; other title information; or parallel other title information.
isbd:unc/elements/P1005,,isbd:unc/elements/hasParallelTitle.en,hasParallelTitle,RegStatus:1001,rdf:Property,isbd:unc/elements/,has parallel title,isbd:unc/elements/P1012,,Relates a resource to a title in another language or script than the title proper and presented as an equivalent of the title proper on the preferred source or sources of information.,A title in another language that is linguistically linked to another part of the description is not treated as a parallel title.
isbd:unc/elements/P1006,,isbd:unc/elements/hasOtherTitleInformation.en,hasOtherTitleInformation,RegStatus:1001,rdf:Property,isbd:unc/elements/,has other title information,isbd:unc/elements/P1012,,"Relates a resource to a word or phrase, or a group of characters, appearing in conjunction with, and subordinate to, the title proper of the resource.",Other title information can include variant titles appearing on the same source as the title proper.
isbd:unc/elements/P1007,,isbd:unc/elements/hasStatementOfResponsibilityRelatingToTitle.en,hasStatementOfResponsibilityRelatingToTitle,RegStatus:1001,rdf:Property,isbd:unc/elements/,has statement of responsibility relating to title,,,"Relates a resource to one or more names, phrases, or groups of characters relating to the identification and/or function of any persons or corporate bodies responsible for or contributing to the creation or realisation of the intellectual or artistic content of a work contained in the resource.","A statement of responsibility is not constructed when there is no such statement on the resource. A statement of responsibility can relate to such entities as: writers, composers, performers, graphic artists, choreographers, arrangers, cartographers, programmers, principal investigators, animators, etc., whose work is embodied in the resource, whether directly (e.g. author of text, editor, compiler, translator, illustrator, engraver, cartographer, composer, arranger, choreographer), or indirectly (e.g. author of the novel on which a film script is based, author of the work on which the software is based, adapters of an already existing work), whether in the same medium as the original or in another; collectors of various data, persons responsible for the direction of a performed work; organizations, or individuals or corporate bodies sponsoring the work of any of the above (with intellectual and not merely financial sponsorship), producers of a popular music recording;.production companies and individuals such as producers, directors, or others having some degree of overall responsibility for a work; individuals who have specific responsibilities when in the context of a particular film, or particular type of film, they have a major creative role (e.g. cinematographers, writers of screenplays or animators of animated films); developers and designers, whose work involves the creation of the content of a resource or its realisation (e.g. game designer); entities having specific responsibilities in the context of a particular resource or particular type of resource (e.g. project directors of survey data, video director)."
isbd:unc/elements/P1008,,isbd:unc/elements/hasEditionStatement.en,hasEditionStatement,RegStatus:1001,rdf:Property,isbd:unc/elements/,has edition statement,,,"Relates a resource to a word or phrase, or a group of characters, indicating that the resource belongs to an edition.","An edition statement normally includes either the word ""edition"" (or its equivalent in another language) or a related term together with a number (""2nd edition"", etc.), or a term indicating difference from other editions (""new edition"", ""revised edition"",""“standard edition"", ""large print edition"", ""fourth state"", ""May 1970 script"", etc.). A statement that includes the word ""edition"" or its equivalent is not considered an edition statement when it represents printing information, as is typical in the publication patterns of certain countries. An edition statement can also include other phrases that may be linguistically associated, linking the edition to other elements of the description (e.g. original title in a form such as ""abridgement of ..."")."
isbd:unc/elements/P1009,,isbd:unc/elements/hasParallelEditionStatement.en,hasParallelEditionStatement,RegStatus:1001,rdf:Property,isbd:unc/elements/,has parallel edition statement,,,"Relates a resource to an equivalent of an edition statement (a word or phrase, or a group of characters, indicating that the resource belongs to an edition) in another language or script.",
isbd:unc/elements/P1010,,isbd:unc/elements/hasStatementOfResponsibilityRelatingToEdition.en,hasStatementOfResponsibilityRelatingToEdition,RegStatus:1001,rdf:Property,isbd:unc/elements/,has statement of responsibility relating to edition,,,"Relates a resource to one or more names, phrases, or groups of characters relating to the identification and/or function of any persons or corporate bodies responsible for or contributing to the creation or realisation of the intellectual or artistic content of an edition of a work contained in the resource.","Statements of responsibility relating to the edition can indicate functions such as that of a reviser of a new edition, or can name the person or body responsible for the provision of supplementary matter, of appendices, etc., in a new edition."
isbd:unc/elements/P1011,,isbd:unc/elements/hasAdditionalEditionStatement.en,hasAdditionalEditionStatement,RegStatus:1001,rdf:Property,isbd:unc/elements/,has additional edition statement,,,"Relates a resource to a statement identifying it as belonging to an edition or impression within an edition, or to an edition that is equivalent to the first named edition, or when the resource has significant differences in content from other impressions of the larger edition to which it belongs.",
isbd:unc/elements/P1117,,isbd:unc/elements/hasTitleOfIndividualWorkBySameAuthor.en,hasTitleOfIndividualWorkBySameAuthor,RegStatus:1001,rdf:Property,isbd:unc/elements/,has title of individual work by same author,isbd:unc/elements/P1012,,Relates a resource to the title of an individual work when the resource comprises two or more works without a collective title.,
isbd:unc/elements/P1118,,isbd:unc/elements/hasTitleOfIndividualWorkByDifferentAuthor.en,hasTitleOfIndividualWorkByDifferentAuthor,RegStatus:1001,rdf:Property,isbd:unc/elements/,has title of individual work by different author,isbd:unc/elements/P1012,,Relates a resource to the title of an individual work when the resource comprises two or more works with different statements of responsibility without a collective title.,
isbd:unc/elements/P1140,,isbd:unc/elements/hasParallelOtherTitleInformation.en,hasParallelOtherTitleInformation,RegStatus:1001,rdf:Property,isbd:unc/elements/,has parallel other title information,isbd:unc/elements/P1012,,Relates a resource to other title information presented on the preferred source of information for the resource as an equivalent in another language or script.,
isbd:unc/elements/P1013,,isbd:unc/elements/hasMathematicalDataArea.en,hasMathematicalDataArea,RegStatus:1001,rdf:Property,isbd:unc/elements/,has mathematical data area,,,"Relates a resource that is cartographic to a statement including the statement of scale, statement of projection, and the statement of coordinates and equinox.",
isbd:unc/elements/P1014,,isbd:unc/elements/hasMusicFormatStatement.en,hasMusicFormatStatement,RegStatus:1001,rdf:Property,isbd:unc/elements/,has music format statement,,,Relates a resource that is notated music to a term or phrase representing the physical form in which it is presented.,"Includes score, parts. Also known as musical presentation format."
isbd:unc/elements/P1015,,isbd:unc/elements/hasNumberingArea.en,hasNumberingArea,RegStatus:1001,rdf:Property,isbd:unc/elements/,has numbering area,,,"Relates a resource that is a serial to a statement including the numbering, the chronological designation, the parallel system of numbering, and the subsequent system of numbering.","Can include a numeral, a letter, any other character, or the combination of these, with or without an accompanying word (""volume"", ""number"", etc.), and/or a chronological designation. Omitted if both the first and last issues or parts are not available."
isbd:unc/elements/P1016,,isbd:unc/elements/hasPlaceOfPublicationProductionDistribution.en,hasPlaceOfPublicationProductionDistribution,RegStatus:1001,rdf:Property,isbd:unc/elements/,"has place of publication, production, distribution",,,"Relates a resource to the name of the place associated on the prescribed source of information with the name of the publisher, producer or distributor.","Usually given on the preferred source of information as the name of a city. If no publisher, producer or distributor is named, it is the place from which the resource was issued or distributed."
isbd:unc/elements/P1017,,isbd:unc/elements/hasNameOfPublisherProducerDistributor.en,hasNameOfPublisherProducerDistributor,RegStatus:1001,rdf:Property,isbd:unc/elements/,"has name of publisher, producer, distributor",,,"Relates a resource to the name of the person or corporate body appearing on the resource that effects respectively the publication, production and/or distribution or release activities for the resource.",
isbd:unc/elements/P1018,,isbd:unc/elements/hasDateOfPublicationProductionDistribution.en,hasDateOfPublicationProductionDistribution,RegStatus:1001,rdf:Property,isbd:unc/elements/,"has date of publication, production, distribution",,,"Relates a resource to the date on which it is officially offered for sale or distribution to the public, usually given in the form of a year.",
isbd:unc/elements/P1019,,isbd:unc/elements/hasPlaceOfPrintingOrManufacture.en,hasPlaceOfPrintingOrManufacture,RegStatus:1001,rdf:Property,isbd:unc/elements/,has place of printing or manufacture,,,Relates a resource to the name of the place associated on the resource with its printing or manufacture.,
isbd:unc/elements/P1020,,isbd:unc/elements/hasNameOfPrinterOrManufacturer.en,hasNameOfPrinterOrManufacturer,RegStatus:1001,rdf:Property,isbd:unc/elements/,has name of printer or manufacturer,,,Relates a resource to the name of the person or corporate body appearing on the resource that effects the printing or manufacturing of the resource.,
isbd:unc/elements/P1021,,isbd:unc/elements/hasDateOfPrintingOrManufacture.en,hasDateOfPrintingOrManufacture,RegStatus:1001,rdf:Property,isbd:unc/elements/,has date of printing or manufacture,,,"Relates a resource to the date on which it is printed or manufactured, usually given in the form of a year.",
isbd:unc/elements/P1022,,isbd:unc/elements/hasSpecificMaterialDesignationAndExtent.en,hasSpecificMaterialDesignationAndExtent,RegStatus:1001,rdf:Property,isbd:unc/elements/,has specific material designation and extent,,,"Relates a resource to a statement including the specific material designation, the extent, the pagination statement (if a printed resource), and the playing time (if the resource has an inherent durational aspect).",
isbd:unc/elements/P1023,,isbd:unc/elements/hasOtherPhysicalDetails.en,hasOtherPhysicalDetails,RegStatus:1001,rdf:Property,isbd:unc/elements/,has other physical details,,,"Relates a resource to a statement including the statement relating to the material of which the resource is composed, the statement relating to the presence of illustrations, the particular type of illustration, the number of illustrations, the presence of colour, the reduction ration (if a microform), the presence or absence of sound (if a resource that may have integral sound as a feature), and other technical specifications.","Includes method of production, colour, material from which the resource is made, etc. Any characteristic implicit in the specific material designation is omitted."
isbd:unc/elements/P1024,,isbd:unc/elements/hasDimensions.en,hasDimensions,RegStatus:1001,rdf:Property,isbd:unc/elements/,has dimensions,,,Relates a resource to a note on its dimensions in centimetres (or millimetres if the gauge of a film or width of a tape) rounded up to the nearest whole.,"Includes one or more dimensions. Includes the height of the resource, measured parallel to the spine, for printed textual and notated music resources. Includes the height by width of two-dimensional cartographic resources. Includes the height by width by depth of three-dimensional cartographic resources, excluding globes and sections of spheres. Includes the diameter for cartographic resources that are globes, sections of spheres, and two-dimensional circular forms. Includes additional dimensions such as the dimensions of a map when folded, or the dimensions of individual sheets of a collectively described group, or the individual dimensions of mounted sheets, of cartographic resources. Includes the height by width of two-dimensional multimedia resources, sound recordings, videorecordings, and still and moving images (wallcharts, microfiches, slides, transparencies, pictures, etc.). Includes the diameter, followed in parentheses by the abbreviation ""diam."" or its equivalent in another language, for circular forms of multimedia resources, sound recordings, videorecordings, and still and moving images. Includes the length of the vertical axis, followed in parentheses by ""oval"" or its equivalent, for oval forms of multimedia resources, sound recordings, videorecordings, and still and moving images. Includes two dimensions statements for the open and folded states of folded sheets of multimedia resources, sound recordings, videorecordings, and still and moving images. Includes height by width by depth (or height alone when appropriate) of three-dimensional multimedia resources, sound recordings, videorecordings, and still and moving images (dioramas, etc.). Includes the gauge of the film or width of the tape for multimedia resources, sound recordings, videorecordings, and still and moving images employing film or magnetic tape. Includes the dimensions of the physical carrier itself, irrespective of the external dimensions of any container, of electronic resources. Includes the diameter of a disc or a tape reel for an electronic resource. Includes the length and width of the tape of a reel of an electronic resource. Includes the height of the face of a chip cartridge of an electronic resource. Includes other dimensions given after the height when the dimensions or shape of the resource are unusual (e.g. when the width is greater than the height) for printed textual and notated music  resources. Includes the diameter of the playing surface when a sound disc is of a non-standard shape (e.g. when the playing surface has an irregularly shaped surround). Includes the height by depth of a tape cassette when it is other than the standard size (10 x 7 cm) and the width of tape is given when it is other than the standard width (4 mm). Includes the dimensions of a container for resources issued in a container, with or without accompanying material. Excludes the external dimensions of of any container such as an album or sleeve for multimedia resources, sound recordings, videorecordings, and still and moving images requiring the use of equipment (e.g. discs, cassettes, reels of tape or motion pictures). Excludes dimensions implicit in other parts of the description (e.g. cassettes and cartridges of a standard type) of multimedia resources, sound recordings, videorecordings, and still and moving images. Includes dimensions for older monographic resources which qualify the standard designation of bibliographic format as chosen by the cataloguing agency."
isbd:unc/elements/P1025,,isbd:unc/elements/hasAccompanyingMaterialStatement.en,hasAccompanyingMaterialStatement,RegStatus:1001,rdf:Property,isbd:unc/elements/,has accompanying material statement,,,Relates a resource to a statement on accompanying material (any physically separable part of the resource that is issued (or intended to be issued) at the same time and intended to be used with the resource).,
isbd:unc/elements/P1026,,isbd:unc/elements/hasTitleProperOfSeriesOrMultipartMonographicResource.en,hasTitleProperOfSeriesOrMultipartMonographicResource,RegStatus:1001,rdf:Property,isbd:unc/elements/,has title proper of series or multipart monographic resource,,,"Relates a resource that is a series or multipart monographic resource to the title proper (the chief name of a resource, i.e. the title of a resource in the form in which it appears on the preferred source of information for the resource).",
isbd:unc/elements/P1027,,isbd:unc/elements/hasParallelTitleOfSeriesOrMultipartMonographicResource.en,hasParallelTitleOfSeriesOrMultipartMonographicResource,RegStatus:1001,rdf:Property,isbd:unc/elements/,has parallel title of series or multipart monographic resource,,,Relates a resource that is a series or multipart monographic resource to a title in another language or script than the title proper and presented as an equivalent of the title proper on the preferred source of information.,
isbd:unc/elements/P1028,,isbd:unc/elements/hasOtherTitleInformationOfSeriesOrMultipartMonographicResource.en,hasOtherTitleInformationOfSeriesOrMultipartMonographicResource,RegStatus:1001,rdf:Property,isbd:unc/elements/,has other title information of series or multipart monographic resource,,,"Relates a resource that is a series or multipart monographic resource to a word or phrase, or a group of characters, appearing in conjunction with or subordinate to the title of the resource.",Other title information is given when it appears on the prescribed source of information and is necessary for identification of the larger bibliographic resource or otherwise considered important to users of the catalogue. An edition statement relating to a series or subseries is given as other title information when necessary for identification of the series.
isbd:unc/elements/P1029,,isbd:unc/elements/hasStatementOfResponsibilityOfSeriesOrMultipartMonographicResource.en,hasStatementOfResponsibilityOfSeriesOrMultipartMonographicResource,RegStatus:1001,rdf:Property,isbd:unc/elements/,has statement of responsibility of series or multipart monographic resource,,,"Relates a resource that is a series or multipart monographic resource to one or more names, phrases, or groups of characters relating to the identification and/or function of any persons or corporate bodies responsible for or contributing to the creation or realisation of the intellectual or artistic content of a work contained in the resource.",The first statement of responsibility is given if the title proper of the series or multipart monographic resource is a generic term. The first and subsequent statements of responsibility are given in other cases when they appear on the prescribed source of information and are necessary for identification of the larger bibliographic resource or otherwise considered important to users of the catalogue.
isbd:unc/elements/P1030,,isbd:unc/elements/hasInternationalStandardNumberOfSeriesOrMultipartMonographicResource.en,hasInternationalStandardNumberOfSeriesOrMultipartMonographicResource,RegStatus:1001,rdf:Property,isbd:unc/elements/,has international standard number of series or multipart monographic resource,,,Relates a resource that is a series or multipart monographic resource to an international standard number relating to it.,
isbd:unc/elements/P1031,,isbd:unc/elements/hasNumberingWithinSeriesOrMultipartMonographicResource.en,hasNumberingWithinSeriesOrMultipartMonographicResource,RegStatus:1001,rdf:Property,isbd:unc/elements/,has numbering within series or multipart monographic resource,,,Relates a resource that is a series or multipart monographic resource to its numbering.,
isbd:unc/elements/P1032,isbd:unc/elements/P1075,isbd:unc/elements/hasResourceIdentifier.en,hasResourceIdentifier,RegStatus:1001,rdf:Property,isbd:unc/elements/,has resource identifier,,,Relates a resource to an identifier.,"Includes any number or alphanumeric designation associated with and identifying a resource according to an international standard, such as an International Standard Book Number or an International Standard Serial Number, or a designation assigned by a publisher. Includes notes considered important to users of the catalogue."
isbd:unc/elements/P1075,,isbd:unc/elements/hasFingerprint.en,hasFingerprint,RegStatus:1001,rdf:Property,isbd:unc/elements/,has fingerprint,isbd:unc/elements/P1032,,"Relates a resource that is an older monographic resource to a number of characters drawn from a number of uniform places in the text of the resource, considered as a substitute for a standard number.","A definitive formula for fingerprint has yet to be determined by international agreement. Until such an agreement is made, various forms of fingerprint can be used."
isbd:unc/elements/P1076,,isbd:unc/elements/hasLabelNameAndCatalogueNumber.en,hasLabelNameAndCatalogueNumber,RegStatus:1001,rdf:Property,isbd:unc/elements/,has label name and catalogue number,isbd:unc/elements/P1032,,Relates a resource that is commercially issued to the label name and all catalogue numbers supplied by the issuing company.,
isbd:unc/elements/P1154,,isbd:unc/elements/hasStandardIdentifier.en,hasStandardIdentifier,RegStatus:1001,rdf:Property,isbd:unc/elements/,has standard identifier,isbd:unc/elements/P1032,,Relates a resource to a standard identifier preceded by its customary label.,"Customary labels include ""ISBN"", ""ISSN"", ""ISMN""."
isbd:unc/elements/P1033,,isbd:unc/elements/hasKeyTitle.en,hasKeyTitle,RegStatus:1001,rdf:Property,isbd:unc/elements/,has key title,,,Relates a resource that is a continuing resource to the unique name assigned to it by the ISSN Network.,The key title is given even when it is identical to the title proper of the continuing resource. It is not given if the ISSN to which it applies is not given.
isbd:unc/elements/P1034,,isbd:unc/elements/hasTermsOfAvailability.en,hasTermsOfAvailability,RegStatus:1001,rdf:Property,isbd:unc/elements/,has terms of availability,,,Relates a resource to a statement of the price if it is for sale or a brief statement of other terms if it is not for sale.,It is recommended that the price of the resource be given with the international standard code for the currency as in ISO 4217.
isbd:unc/elements/P1037,,isbd:unc/elements/hasNoteOnEditionAreaAndBibliographicHistory.en,hasNoteOnEditionAreaAndBibliographicHistory,RegStatus:1001,rdf:Property,isbd:unc/elements/,has note on edition area and bibliographic history,isbd:unc/elements/P1045,,Relates a resource to a note on its edition area and bibliographic history.,
isbd:unc/elements/P1045,isbd:unc/elements/P1037,isbd:unc/elements/hasNote.en,hasNote,RegStatus:1001,rdf:Property,isbd:unc/elements/,has note,,,Relates a resource to a note of descriptive information that has not been given in other areas of the description but that is considered to be important to users of bibliographic records.,"Notes qualify and amplify the description in the other areas and can deal with any aspect of a resource. Notes may also give the bibliographic history of the resource and indicate relationships to other resources. In making reference to another resource in a note, enough information must be given to identify theresource. This may vary depending on the resource and the context of the note. For continuing resources,
the citation may consist of the key title and ISSN. In other cases, it may consist of the title proper along
with a statement of responsibility or other bibliographic details. Two or more notes may be combined into a single note when considered appropriate by the cataloguing agency."
isbd:unc/elements/P1038,,isbd:unc/elements/hasNoteOnMaterialTypeOrResourceSpecificType.en,hasNoteOnMaterialTypeOrResourceSpecificType,RegStatus:1001,rdf:Property,isbd:unc/elements/,has note on material type or resource specific type,isbd:unc/elements/P1045,,Relates a resource to a note on the material or type of resource specific area.,
isbd:unc/elements/P1039,,isbd:unc/elements/hasNoteOnPublicationProductionDistributionEtc.en,hasNoteOnPublicationProductionDistributionEtc,RegStatus:1001,rdf:Property,isbd:unc/elements/,"has note on publication, production, distribution, etc.",isbd:unc/elements/P1045,,"Relates a resource to a note on the publication, production, distribution, etc., area.","Includes details of other publishers, producers, distributors, etc., of the resource; notes on variant publication, production or distribution, etc., information; irregularities; and additional dates."
isbd:unc/elements/P1040,,isbd:unc/elements/hasNoteOnMaterialDescription.en,hasNoteOnMaterialDescription,RegStatus:1001,rdf:Property,isbd:unc/elements/,has note on material description,isbd:unc/elements/P1045,,Relates a resource to a note on the material description area.,"Includes additional physical description of the resource, and statements on particular physical peculiarities. Notes may also be made on accompanying material or on earlier physical details of an integrating resource."
isbd:unc/elements/P1041,,isbd:unc/elements/hasNoteOnSeriesAndMultipartMonographicResources.en,hasNoteOnSeriesAndMultipartMonographicResources,RegStatus:1001,rdf:Property,isbd:unc/elements/,has note on series and multipart monographic resources,isbd:unc/elements/P1045,,Relates a resource to a note on the series and monographic resources area.,"Includes notes giving information about a series or multipart monographic resource in which the resource has been issued, and notes on series editors."
isbd:unc/elements/P1042,,isbd:unc/elements/hasNoteOnContents.en,hasNoteOnContents,RegStatus:1001,rdf:Property,isbd:unc/elements/,has note on contents,isbd:unc/elements/P1045,,Relates a resource to a note relating to the contents.,"Includes the list of contents and notes on otherinclusions, such as indexes, inserts, bibliographies, discographies, etc."
isbd:unc/elements/P1044,,isbd:unc/elements/hasNoteOnBasisOfDescription.en,hasNoteOnBasisOfDescription,RegStatus:1001,rdf:Property,isbd:unc/elements/,has note on basis of description,isbd:unc/elements/P1045,,"Relates a resource that is a series or multipart monograph to a note on the issue, part, iteration, etc., that forms that basis of its description.","Includes the issue or part that forms the basis of the description if the description of a serial or multipart monographic resource is not based on the first issue or part published. Includes the earliest analytic consulted and its date of publication, production, distribution, etc. if a description is made for an unnumbered monographic series itself. Includes the analytic and its date of publication if other analytics also have been consulted and the latest analytic can be identified. Includes the latest iteration consulted in preparing the description if the description is not based on the first iteration of an integrating resource. Includes the issue or iteration that forms the basis of the description of a remote-access electronic resource, along with the date on which it was viewed."
isbd:unc/elements/P1046,,isbd:unc/elements/hasNoteOnCopyInHand.en,hasNoteOnCopyInHand,RegStatus:1001,rdf:Property,isbd:unc/elements/,has note on copy in hand,isbd:unc/elements/P1045,,Relates a resource to a note on the copy being catalogued.,"Includes notes relating to the physical characteristics of the copy, notes relating to ""bound with"" copies, provenance notes, and action notes."
isbd:unc/elements/P1064,,isbd:unc/elements/hasNoteOnBibliographicReference.en,hasNoteOnBibliographicReference,RegStatus:1001,rdf:Property,isbd:unc/elements/,has note on bibliographic reference,isbd:unc/elements/P1045,,"Relates a resource that is an older monographic resource to a citation, given in a standard and abbreviated form, to a description of the resource in a list describing older monographic resources.",The note may contain more than one citation.
isbd:unc/elements/P1065,,isbd:unc/elements/hasNoteOnFrequency.en,hasNoteOnFrequency,RegStatus:1001,rdf:Property,isbd:unc/elements/,has note on frequency,isbd:unc/elements/P1045,,Relates a resource that is a serial to a note on the frequency. Relates a resource that is an integrating resource to a note on the frequency of updates.,"Used when the frequency is not stated in the title and statement of responsibility area, or it is necessary to convey some additional information."
isbd:unc/elements/P1066,,isbd:unc/elements/hasNoteOnSystemRequirements.en,hasNoteOnSystemRequirements,RegStatus:1001,rdf:Property,isbd:unc/elements/,has note on system requirements,isbd:unc/elements/P1045,,Relates a resource that is a direct access electronic resource to a note on system requirements for use of the resource.,"Includes one or more technical specifications, usually given in the following order, and preceded by the phrase  ""System requirements:"" (or its equivalent in another language): name, model and, or, number of machine or machines; amount of memory; name of the operating system or systems; software requirements (including programming language); peripherals; hardware (internal) modifications; character code. Separate system requirements notes may be made to highlight distinctive system features associated with each physical carrier, when the resource consists of two or more different physical carriers (e.g. a multimedia resource consisting of an electronic disk and a videodisc). Alternatively, a single system requirements note for both physical carriers may be made."
isbd:unc/elements/P1067,,isbd:unc/elements/hasNoteOnModeOfAccess.en,hasNoteOnModeOfAccess,RegStatus:1001,rdf:Property,isbd:unc/elements/,has note on mode of access,isbd:unc/elements/P1045,,"Relates a resource that is a remote access electronic resource to a note on the mode of access, preceded by the phrase ""Mode of access:"" (or its equivalent in another language).",
isbd:unc/elements/P1068,,isbd:unc/elements/hasNoteOnTitleProper.en,hasNoteOnTitleProper,RegStatus:1001,rdf:Property,isbd:unc/elements/,has note on title proper,isbd:unc/elements/P1045,,"Relates a resource to a note on the title proper (the chief name of a resource, i.e. the title of a resource in the form in which it appears on the preferred source of information for the resource).",
isbd:unc/elements/P1073,,isbd:unc/elements/hasNoteOnNatureScopeFormPurposeOrLanguage.en,hasNoteOnNatureScopeFormPurposeOrLanguage,RegStatus:1001,rdf:Property,isbd:unc/elements/,"has note on nature, scope, form, purpose or language",isbd:unc/elements/P1045,,"Relates a resource to a note on its nature, purpose, scope, or literary, artistic or musical form, or language if the linguistic content is significant.",Used when the information cannot be inferred from other elements of the description.
isbd:unc/elements/P1078,,isbd:unc/elements/hasNoteOnBinding.en,hasNoteOnBinding,RegStatus:1001,rdf:Property,isbd:unc/elements/,has note on binding,isbd:unc/elements/P1045,,Relates a resource to a note on the binding as issued by the publisher.,Excludes a binding specific to a copy in hand.
isbd:unc/elements/P1079,,isbd:unc/elements/hasNoteOnResourceIdentifierAndTermsOfAvailability.en,hasNoteOnResourceIdentifierAndTermsOfAvailability,RegStatus:1001,rdf:Property,isbd:unc/elements/,has note on resource identifier and terms of availability,isbd:unc/elements/P1045,,Relates a resource to a note relating to the resource identifier and terms of availability.,"Includes notes of limited print run, issues or limited distribution."
isbd:unc/elements/P1086,,isbd:unc/elements/hasNoteOnParallelTitlesAndParallelOtherTitleInformation.en,hasNoteOnParallelTitlesAndParallelOtherTitleInformation,RegStatus:1001,rdf:Property,isbd:unc/elements/,has note on parallel titles and parallel other title information,isbd:unc/elements/P1045,,Relates a resource to a note on parallel titles and parallel other title information.,Excludes information recorded in the title and statement of responsibility area.
isbd:unc/elements/P1087,,isbd:unc/elements/hasNoteOnStatementOfResponsibility.en,hasNoteOnStatementOfResponsibility,RegStatus:1001,rdf:Property,isbd:unc/elements/,has note on statement of responsibility,isbd:unc/elements/P1045,,"Relates a resource to a note on its statements of responsibility (statements, transcribed from the resource being described, relating to persons responsible for the intellectual or artistic content of the resource, to corporate bodies from which the content emanates, or to persons or corporate bodies responsible for the performance of the content of the resource).","Includes statements of responsibility taken from outside the resource, its container or accompanying textual matter; notes on variant or expanded forms of names of persons or corporate bodies, notes on pseudonyms, notes on persons or corporate bodies connected with the work that cannot be included in other areas of the description (because, for example, their function is not specified); statements of responsibility relating to appendices and other supplementary matter appearing on the resource but not on a prescribed source of information; notes on the staging, instrumentation, etc., of performed works; notes on persons or bodies connected with the technical production, administrative and consulting functions of the work."
isbd:unc/elements/P1090,,isbd:unc/elements/hasNoteProvidingASummary.en,hasNoteProvidingASummary,RegStatus:1001,rdf:Property,isbd:unc/elements/,has note providing a summary,isbd:unc/elements/P1045,,"Relates a resource to a note providing a factual, non-evaluative account of the subject coverage.","May draw upon statements found on the resource, its container or accompanying textual matter. Information on the use of special techniques or processes may also be included."
isbd:unc/elements/P1091,,isbd:unc/elements/hasNoteOnUseOrAudience.en,hasNoteOnUseOrAudience,RegStatus:1001,rdf:Property,isbd:unc/elements/,has note on use or audience,isbd:unc/elements/P1045,,Relates a resource to a note providing non-evaluative information as to the potential or recommended use of the resource and/or the intended audience.,Normally taken from statements on or in the resource. Includes specification of restrictions on use.
isbd:unc/elements/P1092,,isbd:unc/elements/hasNoteOnNumbers.en,hasNoteOnNumbers,RegStatus:1001,rdf:Property,isbd:unc/elements/,has note on numbers,isbd:unc/elements/P1045,,Relates a resource to a note on numbers or identifiers associated with it.,Excludes identifiers recorded in the resource identifier and terms of availability area.
isbd:unc/elements/P1094,,isbd:unc/elements/hasNoteOnChangeToEdition.en,hasNoteOnChangeToEdition,RegStatus:1001,rdf:Property,isbd:unc/elements/,has note on change to edition,isbd:unc/elements/P1045,,Relates a resource that is a serial or multipart monograph to a note on changes in edition statements that occur after the issue or part used as the basis of description and do not require a new description. Relates a resource that is an integrating resource to a note on earlier edition statements that are no longer present on the current iteration or that are in a different form on an earlier iteration and do not require a new description.,
isbd:unc/elements/P1095,,isbd:unc/elements/hasNoteOnBibliographicHistory.en,hasNoteOnBibliographicHistory,RegStatus:1001,rdf:Property,isbd:unc/elements/,has note on bibliographic history,isbd:unc/elements/P1045,,Relates a resource to a note relating to the edition being described or the bibliographic history of the work.,
isbd:unc/elements/P1096,,isbd:unc/elements/hasNoteOnTranslations.en,hasNoteOnTranslations,RegStatus:1001,rdf:Property,isbd:unc/elements/,has note on translations,isbd:unc/elements/P1045,,"Relates a resource that contains a work that is a translation to a note on the original title of the work, or, where appropriate, the key title and ISSN.",Notes on translations may be included in the notes on contents when the resource contains several individual works. Excludes notes on the language of the title. Excludes notes on editions of a resource appearing simultaneously in different languages.
isbd:unc/elements/P1097,,isbd:unc/elements/hasNoteOnDifferentEditions.en,hasNoteOnDifferentEditions,RegStatus:1001,rdf:Property,isbd:unc/elements/,has note on different editions,isbd:unc/elements/P1045,,Relates a resource to a note on the name of another edition or editions.,"Used when the resource is one of two or more simultaneously published editions differing in partial content or language. A general note is used if the name of the other edition or editions is not readily available, or the resource is published in more editions than can be named conveniently."
isbd:unc/elements/P1098,,isbd:unc/elements/hasNoteOnReproduction.en,hasNoteOnReproduction,RegStatus:1001,rdf:Property,isbd:unc/elements/,has note on reproduction,isbd:unc/elements/P1045,,Relates a resource that is is an exact reproduction of another resource to a note on the title of the original resource (when different from the title of the reproduction) and its publication details.,"Includes facsimile reproductions or other photographic (or micro-) reproductions of a printed title, sound cassette copies of a sound disc, videotape reproductions of a motion picture, digitisations. Includes the frequency of the original resource."
isbd:unc/elements/P1099,,isbd:unc/elements/hasNoteOnRelationshipToOtherResources.en,hasNoteOnRelationshipToOtherResources,RegStatus:1001,rdf:Property,isbd:unc/elements/,has note on relationship to other resources,isbd:unc/elements/P1045,,Relates a resource to a note on relationship to other resources.,
isbd:unc/elements/P1100,,isbd:unc/elements/hasNoteOnSupplementsInsertsEtc.en,hasNoteOnSupplementsInsertsEtc,RegStatus:1001,rdf:Property,isbd:unc/elements/,"has note on supplements, inserts, etc.",isbd:unc/elements/P1045,,"Relates a resource that has one or more supplements and/or inserts to a note on the title, the key title and ISSN of the supplement and/or insert.",A general note about the existence of supplements is used when they are numerous.
isbd:unc/elements/P1101,,isbd:unc/elements/hasNoteOnRelationshipBetweenContinuingResources.en,hasNoteOnRelationshipBetweenContinuingResources,RegStatus:1001,rdf:Property,isbd:unc/elements/,has note on relationship between continuing resources,isbd:unc/elements/P1045,,Relates a resource that is a continuing resource to a note on a continuing resource that it is related to.,
isbd:unc/elements/P1123,,isbd:unc/elements/hasNoteOnSupplementToOrInsertIn.en,hasNoteOnSupplementToOrInsertIn,RegStatus:1001,rdf:Property,isbd:unc/elements/,has note on supplement to or insert in,isbd:unc/elements/P1045,,"Relates a resource that is a supplement to or insert in another resource to a note of the title, the key title and ISSN of the main resource.",
isbd:unc/elements/P1136,,isbd:unc/elements/hasNoteOnContentFormAndMediaType.en,hasNoteOnContentFormAndMediaType,RegStatus:1001,rdf:Property,isbd:unc/elements/,has note on content form and media type,isbd:unc/elements/P1045,,Relates a resource to a note on the content form and media type area.,
isbd:unc/elements/P1047,,isbd:unc/elements/hasStatementOfScale.en,hasStatementOfScale,RegStatus:1001,rdf:Property,isbd:unc/elements/,has statement of scale,,,"Relates a resource that is cartographic to the ratio of distances on the resource to the actual distances they represent, given as a representative fraction, expressed as a ratio (1: ).",
isbd:unc/elements/P1048,,isbd:unc/elements/hasStatementOfProjection.en,hasStatementOfProjection,RegStatus:1001,rdf:Property,isbd:unc/elements/,has statement of projection,,,Relates a resource that is cartographic to the name and properties of a systematic drawing of lines on a plane surface to represent the parallels of latitude and the meridians of longitude of the Earth or a section of the Earth or other celestial sphere.,
isbd:unc/elements/P1049,,isbd:unc/elements/hasStatementOfCoordinatesAndEquinox.en,hasStatementOfCoordinatesAndEquinox,RegStatus:1001,rdf:Property,isbd:unc/elements/,has statement of coordinates and equinox,,,Relates a resource that is cartographic to a statement including the coordinates and equinox.,
isbd:unc/elements/P1050,isbd:unc/elements/P1051,isbd:unc/elements/hasCoordinates.en,hasCoordinates,RegStatus:1001,rdf:Property,isbd:unc/elements/,has coordinates,,,Relates a resource that is cartographic to its coordinates (the quantities of latitude and longitude that define the position of points on the surface of the Earth or other celestial sphere that delimit the greatest extent of the area covered).,
isbd:unc/elements/P1051,,isbd:unc/elements/hasRightAscensionAndDeclination.en,hasRightAscensionAndDeclination,RegStatus:1001,rdf:Property,isbd:unc/elements/,has right ascension and declination,isbd:unc/elements/P1050,,"Relates a resource that is cartographic to its right ascension (the angular distance measured eastward on the Equator from the vernal equinox to the hour circle through the celestial body, from 0 to 24 hours), and declination (the angular distance to a body on the celestial sphere measured north or south through 90 degrees from the celestial equator along the hour circle of the body; comparable to latitude on the terrestrial sphere).",Applies also to celestial charts.
isbd:unc/elements/P1155,,isbd:unc/elements/hasLongitudeAndLatitude.en,hasLongitudeAndLatitude,RegStatus:1001,rdf:Property,isbd:unc/elements/,has longitude and latitude,isbd:unc/elements/P1050,,"Relates a resource that is a  terrestrial map to its coordinates expressed in decimal degrees or degrees (°), minutes (′) and seconds (″) of the sexagesimal system (360° circle) (with longitude always taken from the Greenwich prime meridian) in the order of longitude of westernmost extent, longitude of easternmost extent, latitude of northernmost extent , and latitude of southernmost extent, preceded by the appropriate initials for West (W), East (E), North (N) and South (S) or their equivalents in another language or script. Relates a resource that is a map of another celestial body to its coordinates in its coordinate system.",
isbd:unc/elements/P1052,,isbd:unc/elements/hasEquinox.en,hasEquinox,RegStatus:1001,rdf:Property,isbd:unc/elements/,has equinox,,,"Relates a resource that is cartographic to its equinox (one of two points of intersection of the ecliptic and the celestial equator, occupied by the sun when its declination is 0 degrees).",
isbd:unc/elements/P1053,,isbd:unc/elements/hasExtent.en,hasExtent,RegStatus:1001,rdf:Property,isbd:unc/elements/,has extent,,,Relates a resource to the names and numbers of the physical unit or units constituting the resource.,
isbd:unc/elements/P1054,,isbd:unc/elements/hasPagination.en,hasPagination,RegStatus:1001,rdf:Property,isbd:unc/elements/,has pagination,,,Relates a resource that is a printed text to the sequential numbering of the pages.,"Includes the numbering of leaves, columns, etc."
isbd:unc/elements/P1055,,isbd:unc/elements/hasPlayingTime.en,hasPlayingTime,RegStatus:1001,rdf:Property,isbd:unc/elements/,has playing time,,,Relates a resource that has an inherent durational aspect to the time it takes to play the whole resource.,
isbd:unc/elements/P1056,,isbd:unc/elements/hasCompositionOfMaterial.en,hasCompositionOfMaterial,RegStatus:1001,rdf:Property,isbd:unc/elements/,has composition of material,,,Relates a resource to a word or phrase indicating the material of which it is composed.,
isbd:unc/elements/P1057,,isbd:unc/elements/hasPresenceOfIllustrations.en,hasPresenceOfIllustrations,RegStatus:1001,rdf:Property,isbd:unc/elements/,has presence of illustrations,,,"Relates a resource that is illustrated to the abbreviation ""ill."" (or its equivalent in another language), followed or replaced by a specification of particular types of illustration.",
isbd:unc/elements/P1058,,isbd:unc/elements/hasParallelStatementOfResponsibilityRelatingToAnAdditionalEditionStatement.en,hasParallelStatementOfResponsibilityRelatingToAnAdditionalEditionStatement,RegStatus:1001,rdf:Property,isbd:unc/elements/,has parallel statement of responsibility relating to an additional edition statement,,,"Relates a resource to one or more names, phrases, or groups of characters relating to the identification and/or function of any persons or corporate bodies responsible for or contributing to the creation or realisation of the intellectual or artistic content of an additional edition statement of a work contained in the resource, presented on the preferred source of information for the resource as an equivalent in another language or script.",
isbd:unc/elements/P1059,,isbd:unc/elements/hasStatementOfResponsibilityRelatingToAnAdditionalEditionStatement.en,hasStatementOfResponsibilityRelatingToAnAdditionalEditionStatement,RegStatus:1001,rdf:Property,isbd:unc/elements/,has statement of responsibility relating to an additional edition statement,,,"Relates a resource to one or more names, phrases, or groups of characters relating to the identification and/or function of any persons or corporate bodies responsible for or contributing to the creation or realisation of the intellectual or artistic content of an additional edition statement of a work contained in the resource.",
isbd:unc/elements/P1060,,isbd:unc/elements/hasPresenceOfColour.en,hasPresenceOfColour,RegStatus:1001,rdf:Property,isbd:unc/elements/,has presence of colour,,,"Relates a resource that has coloured illustrations, or is visual, to a statement indicating the presence of coloured illustrations or colour characteristics, using the abbreviations ""col."" or ""b&w"" (or their equivalents in another language).",
isbd:unc/elements/P1061,,isbd:unc/elements/hasReductionRatio.en,hasReductionRatio,RegStatus:1001,rdf:Property,isbd:unc/elements/,has reduction ratio,,,Relates a resource that is a microform to an indication of the reduction ratio.,"Where possible the ratio is expressed numerically. The terms ""low reduction"" (up to 15x), ""high reduction"" (31x–60x), ""very high reduction"" (61x–90x) and ""ultra-high reduction"" (91x and upwards) or their equivalents in another language and/or script are
used in cases where the reduction ratio cannot be specified exactly."
isbd:unc/elements/P1062,,isbd:unc/elements/hasPresenceOrAbsenceOfSound.en,hasPresenceOrAbsenceOfSound,RegStatus:1001,rdf:Property,isbd:unc/elements/,has presence or absence of sound,,,"Relates a resource that includes sound as an integral feature to the abbreviations ""sd."" (for sound) or ""si."" (for silent) (or their equivalents in another language).",Omitted if the presence of sound is implicit in the specific material designation.
isbd:unc/elements/P1063,,isbd:unc/elements/hasFrameAlignment.en,hasFrameAlignment,RegStatus:1001,rdf:Property,isbd:unc/elements/,has frame alignment,,,"Relates a resource that is a microfilm reel, microfilm slip, or filmstrip to a statement of its frame alignment.",
isbd:unc/elements/P1077,,isbd:unc/elements/hasQualificationToIdentifier.en,hasQualificationToIdentifier,RegStatus:1001,rdf:Property,isbd:unc/elements/,has qualification to identifier,,,"Relates a resource to a brief statement that qualifies, explains, or corrects the identifier.",
isbd:unc/elements/P1093,,isbd:unc/elements/hasTermsOfAvailabilityStatement.en,hasTermsOfAvailabilityStatement,RegStatus:1001,rdf:Property,isbd:unc/elements/,has terms of availability statement,,,Relates a resource to a statement of terms of availability.,
isbd:unc/elements/P1107,,isbd:unc/elements/hasNoteArea.en,hasNoteArea,RegStatus:1001,rdf:Property,isbd:unc/elements/,has note area,,,Relates a resource to a statement including notes on any descriptive information that has not been given in other areas of the description.,Used when considered to be important to users of bibliographic records.
isbd:unc/elements/P1116,,isbd:unc/elements/hasParallelNumberingSystem.en,hasParallelNumberingSystem,RegStatus:1001,rdf:Property,isbd:unc/elements/,has parallel numbering system,,,Relates a resource that is a serial to the designation appearing in the language and script of the title proper when there are designations in more than one language or script on the issue or part.,"If the criterion in the definition does not apply, the first designation is used. The parallel designations may also be given."
isbd:unc/elements/P1119,,isbd:unc/elements/hasParallelMusicFormatStatement.en,hasParallelMusicFormatStatement,RegStatus:1001,rdf:Property,isbd:unc/elements/,has parallel music format statement,,,Relates a resource that is notated music to an equivalent of a music format statement (a term or phrase representing the physical form in which it is presented) in another language or script and presented as equivalent.,
isbd:unc/elements/P1120,,isbd:unc/elements/hasSubsequentNumberingSystem.en,hasSubsequentNumberingSystem,RegStatus:1001,rdf:Property,isbd:unc/elements/,has subsequent numbering system,,,Relates a resource that is a serial to a new sequence of numbering (the identification of each of the successive issues or parts).,"Normally, the serial carries a designation, such as ""new series"", ""second series"", etc., to indicate that a new sequence of numbering, not a new serial, is intended. The designation of the new sequence, if any, is included. The numbering system can include a numeral, a letter, any other character, or the combination of these, with or without an accompanying word (""volume"", ""number"", etc.), and, or, a chronological designation."
isbd:unc/elements/P1121,,isbd:unc/elements/hasParallelNameOfPublisherProducerDistributor.en,hasParallelNameOfPublisherProducerDistributor,RegStatus:1001,rdf:Property,isbd:unc/elements/,"has parallel name of publisher, producer, distributor",,,"Relates a resource to the form of name of the publisher, producer and/or distributor in the language and script of the title proper when the name appears on the prescribed source of information for the resource in more than one language or script.","If the criterion in the definition does not apply, the form of name made prominent by typography or, if there is no typographical distinction, the form of name that appears first is used."
isbd:unc/elements/P1122,,isbd:unc/elements/hasBibliographicFormatOfOlderMonographicResource.en,hasBibliographicFormatOfOlderMonographicResource,RegStatus:1001,rdf:Property,isbd:unc/elements/,has bibliographic format of older monographic resource,,,Relates a resource that is an older monographic resource to a standard designation as chosen by the cataloguing agency.,"e.g. 1 °, 2 °, 4 °, 8 °, 12 °, etc. Includes the height of the outer case, measured parallel to the spine, or of the resource when it is not bound, if it can be established that the resource is in a standardized publisher's binding or in publisher's wrappers. Includes the assumed format followed by a question mark when the format cannot be determined. Excludes dimensions if it cannot be established that the resource is in a standardized publisher's binding or in publisher's wrappers."
isbd:unc/elements/P1124,,isbd:unc/elements/hasNoteOnOtherRelationships.en,hasNoteOnOtherRelationships,RegStatus:1001,rdf:Property,isbd:unc/elements/,has note on other relationships,,,"Relates a resource to a note on other relationships between it and other resources, including the nature of the relationship, the title, the key title and ISSN of the other resource or resources.",Includes resources published together and described separately.
isbd:unc/elements/P1125,,isbd:unc/elements/hasResourceIdentifierStatement.en,hasResourceIdentifierStatement,RegStatus:1001,rdf:Property,isbd:unc/elements/,has resource identifier statement,,,Relates a resource to a statement of its identifier.,
isbd:unc/elements/P1126,,isbd:unc/elements/hasProcessOrMethodOfReproductionOfStillImage.en,hasProcessOrMethodOfReproductionOfStillImage,RegStatus:1001,rdf:Property,isbd:unc/elements/,has process or method of reproduction of still image,,,Relates a resource that is a still image to details on the process or method of reproduction.,
isbd:unc/elements/P1127,,isbd:unc/elements/hasPlayingSpeed.en,hasPlayingSpeed,RegStatus:1001,rdf:Property,isbd:unc/elements/,has playing speed,,,Relates a resource to its playing speed.,
isbd:unc/elements/P1128,,isbd:unc/elements/hasRecordingMethod.en,hasRecordingMethod,RegStatus:1001,rdf:Property,isbd:unc/elements/,has recording method,,,Relates a resource that is an analogue sound disc to its recording method.,
isbd:unc/elements/P1129,,isbd:unc/elements/hasGrooveDirection.en,hasGrooveDirection,RegStatus:1001,rdf:Property,isbd:unc/elements/,has groove direction,,,Relates a resource that is an analogue sound disc to its groove direction.,
isbd:unc/elements/P1130,,isbd:unc/elements/hasGrooveSize.en,hasGrooveSize,RegStatus:1001,rdf:Property,isbd:unc/elements/,has groove size,,,Relates a resource that is an analogue sound disc to its groove size.,
isbd:unc/elements/P1131,,isbd:unc/elements/hasNumberOfTapeTracks.en,hasNumberOfTapeTracks,RegStatus:1001,rdf:Property,isbd:unc/elements/,has number of tape tracks,,,Relates a resource to the number of its tape tracks.,
isbd:unc/elements/P1132,,isbd:unc/elements/hasTrackConfiguration.en,hasTrackConfiguration,RegStatus:1001,rdf:Property,isbd:unc/elements/,has track configuration,,,Relates a resource that is a sound reel recorded on four or more tracks to its track configuration.,
isbd:unc/elements/P1133,,isbd:unc/elements/hasNumberOfSoundChannels.en,hasNumberOfSoundChannels,RegStatus:1001,rdf:Property,isbd:unc/elements/,has number of sound channels,,,Relates a resource to the number of its sound channels.,
isbd:unc/elements/P1134,,isbd:unc/elements/hasEqualization.en,hasEqualization,RegStatus:1001,rdf:Property,isbd:unc/elements/,has equalization,,,Relates a resource to the equalization it employs.,
isbd:unc/elements/P1135,,isbd:unc/elements/hasNoiseReduction.en,hasNoiseReduction,RegStatus:1001,rdf:Property,isbd:unc/elements/,has noise reduction,,,Relates a resource to the noise reduction it employs.,
isbd:unc/elements/P1137,,isbd:unc/elements/hasCommonTitleOfTitleProper.en,hasCommonTitleOfTitleProper,RegStatus:1001,rdf:Property,isbd:unc/elements/,has common title of title proper,,,Relates a resource to that part of the title that is carried by a group of related resources in addition to their different section titles.,The common title serves to indicate this relationship in a group of resources and together with the section title identifies a given resource. The common title may also be common to a main resource and its supplement or supplements and to a main series and its subseries when the supplement or supplements or subseries have a dependent title or titles.
isbd:unc/elements/P1138,,isbd:unc/elements/hasDependentTitleOfTitleProper.en,hasDependentTitleOfTitleProper,RegStatus:1001,rdf:Property,isbd:unc/elements/,has dependent title of title proper,,,"Relates a resource to a title that by itself is insufficient to identify the resource and that requires the addition of the common title, or the title of the main resource or the title of the main series.","Examples are section titles, some titles of individual sheets of a map series, some supplement titles and some titles of subseries and the titles of some parts of a multipart monographic resource."
isbd:unc/elements/P1139,,isbd:unc/elements/hasDependentTitleDesignationOfTitleProper.en,hasDependentTitleDesignationOfTitleProper,RegStatus:1001,rdf:Property,isbd:unc/elements/,has dependent title designation of title proper,,,Relates a resource to numbering that alone or in conjunction with a dependent title serves to distinguish it from one or more related resources having a common title.,
isbd:unc/elements/P1141,,isbd:unc/elements/hasParallelStatementOfResponsibilityRelatingToTitle.en,hasParallelStatementOfResponsibilityRelatingToTitle,RegStatus:1001,rdf:Property,isbd:unc/elements/,has parallel statement of responsibility relating to title,,,Relates a resource to a statement of responsibility  presented on the preferred source of information for the resource as an equivalent in another language or script.,
isbd:unc/elements/P1142,,isbd:unc/elements/hasParallelStatementOfResponsibilityRelatingToEdition.en,hasParallelStatementOfResponsibilityRelatingToEdition,RegStatus:1001,rdf:Property,isbd:unc/elements/,has parallel statement of responsibility relating to edition,,,"Relates a resource to one or more names, phrases, or groups of characters relating to the identification and/or function of any persons or corporate bodies responsible for or contributing to the creation or realisation of the intellectual or artistic content of an edition of a work contained in the resource, presented on the preferred source of information for the resource as an equivalent in another language or script.",
isbd:unc/elements/P1143,,isbd:unc/elements/hasParallelAdditionalEditionStatement.en,hasParallelAdditionalEditionStatement,RegStatus:1001,rdf:Property,isbd:unc/elements/,has parallel additional edition statement,,,"Relates a resource to a word or phrase, or a group of characters, indicating that a resource belongs to an edition presented on the preferred source of information for the resource as an equivalent in another language or script.",
isbd:unc/elements/P1144,,isbd:unc/elements/hasAdditionToPlaceOfPublication.en,hasAdditionToPlaceOfPublication,RegStatus:1001,rdf:Property,isbd:unc/elements/,has addition to place of publication,,,"Relates a resource to the name of a larger place such as a country, state, etc. and, if it is considered necessary for identification, the full address of the publisher, producer or distributor.",
isbd:unc/elements/P1145,,isbd:unc/elements/hasParallelPaceOfPublicationProductionDistribution.en,hasParallelPaceOfPublicationProductionDistribution,RegStatus:1001,rdf:Property,isbd:unc/elements/,"has parallel place of publication, production, distribution",,,"Relates a resource to the name of the place of publication, production and/or distribution in the language and script of the title proper when the name appears on the prescribed source of information for the resource in more than one language or script.","If the criterion in the definition does not apply, the form of name made prominent by typography or, if there is no typographical distinction, the form of name that appears first is used."
isbd:unc/elements/P1146,,isbd:unc/elements/hasSpecificMaterialDesignation.en,hasSpecificMaterialDesignation,RegStatus:1001,rdf:Property,isbd:unc/elements/,has specific material designation,,,"Relates a resource to a term indicating the specific class of material (usually the class of physical object) to which it belongs, and the number of units.",
isbd:unc/elements/P1147,,isbd:unc/elements/hasCommonTitleOfSeriesOrMultipartMonographicResource.en,hasCommonTitleOfSeriesOrMultipartMonographicResource,RegStatus:1001,rdf:Property,isbd:unc/elements/,has common title of series or multipart monographic resource,,,Relates a resource that is a series or multipart monographic resource to that part of the title that is carried by a group of related resources in addition to their different section titles.,
isbd:unc/elements/P1148,,isbd:unc/elements/hasDependentTitleOfSeriesOrMultipartMonographicResource.en,hasDependentTitleOfSeriesOrMultipartMonographicResource,RegStatus:1001,rdf:Property,isbd:unc/elements/,has dependent title of series or multipart monographic resource,,,"Relates a resource that is a series or multipart monographic resource to a title that by itself is insufficient to identify the resource and that requires the addition of the common title, or the title of the main resource or the title of the main series.",
isbd:unc/elements/P1149,,isbd:unc/elements/hasDependentTitleDesignationOfSeriesOrMultipartMonogaphicResource.en,hasDependentTitleDesignationOfSeriesOrMultipartMonogaphicResource,RegStatus:1001,rdf:Property,isbd:unc/elements/,has dependent title designation of series or multipart monographic resource,,,Relates a resource that is a series or multipart monographic resource to numbering that alone or in conjunction with a dependent title serves to distinguish one of two or more related resources having a common title.,
isbd:unc/elements/P1150,,isbd:unc/elements/hasQualificationToTermsOfAvailability.en,hasQualificationToTermsOfAvailability,RegStatus:1001,rdf:Property,isbd:unc/elements/,has qualification to terms of availability,,,Relates a resource to a qualification to a statement of the price if it is for sale or a brief statement of other terms if it is not for sale.,
isbd:unc/elements/P1151,,isbd:unc/elements/hasAdditionToParallelPlaceOfPublication.en,hasAdditionToParallelPlaceOfPublication,RegStatus:1001,rdf:Property,isbd:unc/elements/,has addition to parallel place of publication,,,"Relates a resource to the name of a larger place such as a country, state, etc. and, if it is considered necessary for identification, the full address of the publisher, producer or distributor, in the language and script of the title proper when the name appears on the prescribed source of information for the resource in more than one language or script.",
isbd:unc/elements/P1152,,isbd:unc/elements/hasParallelOtherTitleInformationOfSeriesOrMultipartMonographicResource.en,hasParallelOtherTitleInformationOfSeriesOrMultipartMonographicResource,RegStatus:1001,rdf:Property,isbd:unc/elements/,has parallel other title information of series or multipart monographic resource,,,"Relates a resource that is a serial or multipart monographic resource to a word or phrase, or a group of characters, appearing in conjunction with, and subordinate to, the title proper of the resource presented on the preferred source of information for the resource as an equivalent in another language or script.",Parallel other title information  is given when considered important to users of the catalogue.
isbd:unc/elements/P1153,,isbd:unc/elements/hasParallelStatementOfResponsibilityOfSeriesOrMultipartMonographicResource.en,hasParallelStatementOfResponsibilityOfSeriesOrMultipartMonographicResource,RegStatus:1001,rdf:Property,isbd:unc/elements/,has parallel statement of responsibility of series or multipart monographic resource,,,"Relates a resource that is a series or multipart monographic resource to one or more names, phrases, or groups of characters relating to the identification and/or function of any persons or corporate bodies responsible for or contributing to the creation or realisation of the intellectual or artistic content of a work contained in the resource, presented on the preferred source of information for the resource as an equivalent in another language or script.",
isbd:unc/elements/P1156,,isbd:unc/elements/hasNumericDesignation.en,hasNumericDesignation,RegStatus:1001,rdf:Property,isbd:unc/elements/,has numeric designation,,,Relates a resource that is a serial to its numeric designation.,"A numeric designation is given as it appears, except that arabic numerals are given in place of other numerals or spelled-out numbers and multiple levels of numbering are given in a hierarchical order. A numeric designation may include alphabetic or other characters as well as numbers. Words in the designation may be abbreviated."
isbd:unc/elements/P1157,,isbd:unc/elements/hasChronologicalDesignation.en,hasChronologicalDesignation,RegStatus:1001,rdf:Property,isbd:unc/elements/,has chronological designation,,,Relates a resource that is a serial to its chronological designation.,Words in the designation may be abbreviated.
isbd:unc/elements/P1158,,isbd:unc/elements/hasContentFormAndMediaTypeArea.en,hasContentFormAndMediaTypeArea,RegStatus:1001,rdf:Property,isbd:unc/elements/,has content form and media type area,,,"Relates a resource to one or more statements each comprising three elements, each taken from closed lists: the content form, one or more terms reflecting the fundamental form or forms in which the content of a resource is expressed; the content qualification, specifying the type, sensory nature, dimensionality, and/or presence or absence of motion for the resource being described; and  the media type, indicating the type or types of carrier used to convey the content of the resource.",
isbd:unc/elements/P1159,,isbd:unc/elements/hasTitleAndStatementOfResponsibilityArea.en,hasTitleAndStatementOfResponsibilityArea,RegStatus:1001,rdf:Property,isbd:unc/elements/,has title and statement of responsibility area,,,"Relates a resource to a statement including the title proper, parallel titles, other title information, and statements of responsibility.",
isbd:unc/elements/P1160,,isbd:unc/elements/hasEditionArea.en,hasEditionArea,RegStatus:1001,rdf:Property,isbd:unc/elements/,has edition area,,,"Relates a resource to a statement including the edition statement, parallel edition statements, statements of responsibility relating to the edition, additional edition statements, and statements of responsibility following an additional edition statement.",
isbd:unc/elements/P1161,,isbd:unc/elements/hasMaterialOrTypeOfResourceSpecificArea.en,hasMaterialOrTypeOfResourceSpecificArea,RegStatus:1001,rdf:Property,isbd:unc/elements/,has material or type of resource specific area,,,Relates a resource to a statement including data that are unique to a particular class of material or type of resource.,
isbd:unc/elements/P1162,,isbd:unc/elements/hasPublicationProductionDistributionEtcArea.en,hasPublicationProductionDistributionEtcArea,RegStatus:1001,rdf:Property,isbd:unc/elements/,"has publication, production, distribution, etc area",,,"Relates a resource to a statement including the place of publication, production and/or distribution; the name of publisher, producer, and/or distributor; the date of publication, production, and/or distribution; the place of printing or manufacture; the name of printer or manufacturer; and the date of printing or manufacture.","Covers all types of publication, production, distribution, issuing and release activities connected with resources."
isbd:unc/elements/P1163,,isbd:unc/elements/hasMaterialDescriptionArea.en,hasMaterialDescriptionArea,RegStatus:1001,rdf:Property,isbd:unc/elements/,has material description area,,,"Relates a resource to a statement including the specific material designation and extent, other physical details, the dimensions, and the accompanying material statement.",Restricted to the resource as issued by the publisher.
isbd:unc/elements/P1164,,isbd:unc/elements/hasSeriesAndMultipartMonographicResourceArea.en,hasSeriesAndMultipartMonographicResourceArea,RegStatus:1001,rdf:Property,isbd:unc/elements/,has series and multipart monographic resource area,,,"Relates a resource to a statement including the title proper of a series or multipart monographic resource, the parallel title of a series or multipart monographic resource, the other title information of a series or multipart monographic resource, the parallel other title information of a series or multipart monographic resource, the statement of responsibility relating to a series or multipart monographic resource, the parallel statement of responsibility relating to a series or multipart monographic resource, the international standard number of a series or multipart monographic resource, and the numbering within a series or multipart monographic resource.",
isbd:unc/elements/P1165,,isbd:unc/elements/hasResourceIdentifierAndTermsOfAvailabilityArea.en,hasResourceIdentifierAndTermsOfAvailabilityArea,RegStatus:1001,rdf:Property,isbd:unc/elements/,has resource identifier and terms of availability area,,,"Relates a resource to a statement including the resource identifier, the key title, and the terms of availability.",
isbd:unc/elements/P1166,,isbd:unc/elements/hasMusicFormatStatementArea.en,hasMusicFormatStatementArea,RegStatus:1001,rdf:Property,isbd:unc/elements/,has music format statement area,,,Relates a resource that is notated music to a statement including the music format statement and parallel music format statements.,
isbd:unc/elements/P1167,,isbd:unc/elements/hasStatementOfPrintingOrManufacture.en,hasStatementOfPrintingOrManufacture,RegStatus:1001,rdf:Property,isbd:unc/elements/,has statement of printing or manufacture,,,"Relates a resource to a statement including the place of printing or manufacture, the name of printer or manufacturer, and the date of printing or manufacture.",
isbd:unc/elements/P1168,,isbd:unc/elements/hasPlaceOfPublicationProductionDistributionStatement.en,hasPlaceOfPublicationProductionDistributionStatement,RegStatus:1001,rdf:Property,isbd:unc/elements/,"has place of publication, production, distribution statement",,,"Relates a resource to a statement including the place of publication, production, distribution, the additional place of publication statement, and the parallel statement of place of publication.",
isbd:unc/elements/P1169,,isbd:unc/elements/hasNameOfPublisherProducerDistributorStatement.en,hasNameOfPublisherProducerDistributorStatement,RegStatus:1001,rdf:Property,isbd:unc/elements/,"has name of publisher, producer, distributor statement",,,"Relates a resource to a statement including the name of publisher, producer, distributor, and the parallel statement of publisher, producer, distributor.",
isbd:unc/elements/P1170,,isbd:unc/elements/hasTitleStatement.en,hasTitleStatement,RegStatus:1001,rdf:Property,isbd:unc/elements/,has title statement,,,Relates a resource to a statement of its title.,
isbd:unc/elements/P1171,,isbd:unc/elements/hasCompoundTitleOfTitlePrope.en,hasCompoundTitleOfTitlePrope,RegStatus:1001,rdf:Property,isbd:unc/elements/,has compound title of title proper,,,"Relates a resource to the title proper consisting of a common title and a dependent title, with or without a dependent title designation.",
isbd:unc/elements/P1172,,isbd:unc/elements/hasParallelTitleStatement.en,hasParallelTitleStatement,RegStatus:1001,rdf:Property,isbd:unc/elements/,has parallel title statement,,,Relates a resource to a statement of its parallel title.,
isbd:unc/elements/P1173,,isbd:unc/elements/hasTitleStatementOfSeriesOrMultipartMonographicResource.en,hasTitleStatementOfSeriesOrMultipartMonographicResource,RegStatus:1001,rdf:Property,isbd:unc/elements/,has title statement of series or multipart monographic resource,,,Relates a resource that is a series or multipart monographic resource to a statement of its title.,
isbd:unc/elements/P1174,,isbd:unc/elements/hasParallelTitleStatementOfSeriesOrMultipartMonographicResource.en,hasParallelTitleStatementOfSeriesOrMultipartMonographicResource,RegStatus:1001,rdf:Property,isbd:unc/elements/,has parallel title statement of series or multipart monographic resource,,,Relates a resource that is a series or multipart monographic resource to a statement of its parallel title.,
isbd:unc/elements/P1177,,isbd:unc/elements/hasParallelTitleCompoundOfSeriesOrMultipartMonographicResource.en,hasParallelTitleCompoundOfSeriesOrMultipartMonographicResource,RegStatus:1001,rdf:Property,isbd:unc/elements/,has parallel title (compound) of series or multipart monographic resource,,,"Relates a resource that is a series or multipart monograph to a title consisting of a common title and a dependent title, with or without a dependent title designation, in another language or script than the title proper and presented as an equivalent of the title proper on the prescribed source or sources of information.",
isbd:unc/elements/P1178,,isbd:unc/elements/hasParallelCommonTitleOfSeriesOrMultipartMonographicResource.en,hasParallelCommonTitleOfSeriesOrMultipartMonographicResource,RegStatus:1001,rdf:Property,isbd:unc/elements/,has parallel common title of series or multipart monographic resource,,,"Relates a resource that is a series or multipart monographic resource to that part of the title that is carried by a group of related resources in addition to their different section titles, presented on the preferred source of information for the resource as an equivalent in another language or script.",
isbd:unc/elements/P1179,,isbd:unc/elements/hasParallelDependentTitleOfSeriesOrMultipartMonographicResource.en,hasParallelDependentTitleOfSeriesOrMultipartMonographicResource,RegStatus:1001,rdf:Property,isbd:unc/elements/,has parallel dependent title of series or multipart monographic resource,,,"Relates a resource that is a series or multipart monographic resource to a title that by itself is insufficient to identify the resource and that requires the addition of the common title, or the title of the main resource or the title of the main series, presented on the preferred source of information for the resource as an equivalent in another language or script.",
isbd:unc/elements/P1180,,isbd:unc/elements/hasParallelDependentTitleDesignationOfSeriesOrMultipartMonographicResource.en,hasParallelDependentTitleDesignationOfSeriesOrMultipartMonographicResource,RegStatus:1001,rdf:Property,isbd:unc/elements/,has parallel dependent title designation of series or multipart monographic resource,,,"Relates a resource that is a series or multipart monographic resource to numbering that alone or in conjunction with a dependent title serves to distinguish one of two or more related resources having a common title, presented on the preferred source of information for the resource as an equivalent in another language or script.",
isbd:unc/elements/P1181,,isbd:unc/elements/hasCompoundTitleOfParallelTitle.en,hasCompoundTitleOfParallelTitle,RegStatus:1001,rdf:Property,isbd:unc/elements/,has compound title of parallel title,,,"Relates a resource to the title proper consisting of a common title and a dependent title, with or without a dependent title designation, presented on the prescribed sources of information for the resource as an equivalent in another language or script.",
isbd:unc/elements/P1182,,isbd:unc/elements/hasCommonTitleOfParallelTitle.en,hasCommonTitleOfParallelTitle,RegStatus:1001,rdf:Property,isbd:unc/elements/,has common title of parallel title,,,"Relates a resource to that part of the title that is carried by a group of related resources in addition to their different section titles, presented on the preferred source of information for the resource as an equivalent in another language or script.",
isbd:unc/elements/P1183,,isbd:unc/elements/hasDependentTitleOfParallelTitle.en,hasDependentTitleOfParallelTitle,RegStatus:1001,rdf:Property,isbd:unc/elements/,has dependent title of parallel title,,,"Relates a resource to a title that by itself is insufficient to identify the resource and that requires the addition of the common title, or the title of the main resource or the title of the main series, presented on the preferred source of information for the resource as an equivalent in another language or script.",
isbd:unc/elements/P1184,,isbd:unc/elements/hasDependentTitleDesignationOfParallelTitle.en,hasDependentTitleDesignationOfParallelTitle,RegStatus:1001,rdf:Property,isbd:unc/elements/,has dependent title designation of parallel title,,,"Relates a resource to numbering that alone or in conjunction with a dependent title serves to distinguish it from one or more related resources having a common title, presented on the preferred source of information for the resource as an equivalent in another language or script.",
isbd:unc/elements/P1185,,isbd:unc/elements/hasContentFormAndMediaTypeStatement.en,hasContentFormAndMediaTypeStatement,RegStatus:1001,rdf:Property,isbd:unc/elements/,has content form and media type statement,,,"Relates a resource to a statement comprising three elements, each taken from closed lists: the content form, one or more terms reflecting the fundamental form or forms in which the content of a resource is expressed; the content qualification, specifying the type, sensory nature, dimensionality, and/or presence or absence of motion for the resource being described; and the media type, indicating the type or types of carrier used to convey the content of the resource.",
isbd:unc/elements/P1186,,isbd:unc/elements/hasTitleProperCompoundOfSeries.en,hasTitleProperCompoundOfSeries,RegStatus:1001,rdf:Property,isbd:unc/elements/,has title proper (compound) of series,,,"Relates a resource that is a series or multipart monographic resource to the title proper consisting of a common title and a dependent title, with or without a dependent title designation.",
isbd:unc/elements/P1190,,isbd:unc/elements/hasExpressionAspect.en,hasExpressionAspect,RegStatus:1001,rdf:Property,isbd:unc/elements/,has expression aspect,,isbd:unc/elements/P1194,Relates a bibliographic resource to an expression reflected in it.,
isbd:unc/elements/P1194,,isbd:unc/elements/isExpressionReflectedIn.en,isExpressionReflectedIn,RegStatus:1001,rdf:Property,isbd:unc/elements/,is expression reflected in,,isbd:unc/elements/P1190,Relates an expression to a bibliographic resource that reflects it.,
isbd:unc/elements/P1191,,isbd:unc/elements/hasItemAspect.en,hasItemAspect,RegStatus:1001,rdf:Property,isbd:unc/elements/,has item aspect,,isbd:unc/elements/P1195,Relates a bibliographic resource to an item reflected in it.,
isbd:unc/elements/P1195,,isbd:unc/elements/isItemReflectedIn.en,isItemReflectedIn,RegStatus:1001,rdf:Property,isbd:unc/elements/,is item reflected in,,isbd:unc/elements/P1191,Relates an item to a bibliographic resource that reflects it.,
isbd:unc/elements/P1192,,isbd:unc/elements/hasManifestationAspect.en,hasManifestationAspect,RegStatus:1001,rdf:Property,isbd:unc/elements/,has manifestation aspect,,isbd:unc/elements/P1196,Relates a bibliographic resource to a manifestation reflected in it.,
isbd:unc/elements/P1196,,isbd:unc/elements/isManifestationReflectedIn.en,isManifestationReflectedIn,RegStatus:1001,rdf:Property,isbd:unc/elements/,is manifestation reflected in,,isbd:unc/elements/P1192,Relates a manifestation to a bibliographic resource that reflects it.,
isbd:unc/elements/P1193,,isbd:unc/elements/hasWorkAspect.en,hasWorkAspect,RegStatus:1001,rdf:Property,isbd:unc/elements/,has work aspect,,isbd:unc/elements/P1197,Relates a bibliographic resource to a work reflected in it.,
isbd:unc/elements/P1197,,isbd:unc/elements/isWorkReflectedIn.en,isWorkReflectedIn,RegStatus:1001,rdf:Property,isbd:unc/elements/,is work reflected in,,isbd:unc/elements/P1193,Relates a work to a bibliographic resource that reflects it.,
